No.,column_1,column_2,column_3,column_4,column_5,column_6,column_7,column_8,column_9,column_10,column_11,column_12,column_13,column_14,column_15,column_16,column_17,column_18,column_19,column_20,column_21,column_22,column_23,column_24,column_25,column_26,column_27,column_28,column_29,column_30,column_31,column_32,column_33,column_34,column_35,column_36,column_37,column_38,column_39,column_40,column_41,column_42,column_43,column_44,column_45,column_46,column_47,column_48,column_49,column_50,column_51,column_52,column_53,column_54,column_55,column_56,column_57,column_58,column_59,column_60,column_61,column_62,column_63,column_64,column_65,column_66,column_67,column_68,column_69,column_70,column_71,column_72,column_73,column_74,column_75,column_76,column_77,column_78,column_79,column_80,column_81,column_82,column_83,column_84,column_85,column_86,column_87,column_88,column_89,column_90,column_91,column_92,column_93,column_94,column_95,column_96,column_97,column_98,column_99,column_100,column_101,column_102,column_103,column_104,column_105,column_106,column_107,column_108,column_109,column_110,column_111,column_112,column_113,column_114,column_115,column_116,column_117,column_118,column_119,column_120,column_121,column_122,column_123,column_124,column_125,column_126,column_127,column_128,column_129,column_130,column_131,column_132,column_133,column_134,column_135,column_136,column_137,symbol
1,0,1,0,1,0,0,1,0,0,0,0,0,0,1,0,0,1,0,0,0,0,0,0,1,0,0,1,0,0,0,0,0,0,0,0,0,0,1,0,0,0,0,0,0,1,0,0,1,0,0,0,0,0,0,0,0,0,0,1,0,0,0,0,0,0,1,0,0,1,0,0,0,0,0,0,0,0,0,0,0,0,0,0,1,0,0,0,0,0,0,0,0,0,0,1,0,0,0,0,0,0,0,0,0,1,0,0,0,0,0,0,0,0,0,0,0,0,0,0,1,0,0,0,0,0,0,0,0,0,0,1,0,0,0,0,0,0,H
2,0,1,-1,1,0,0,1,0,0,0,0,0,0,1,0,0,1,0,0,0,0,0,0,1,0,0,1,0,0,0,0,0,0,0,0,0,0,1,0,0,0,0,0,0,1,0,0,1,0,0,0,0,0,0,0,0,0,0,1,0,0,0,0,0,0,1,0,0,1,0,0,0,0,0,0,0,0,0,0,0,0,0,0,1,0,0,0,0,0,0,0,0,0,0,1,0,0,0,0,0,0,1,0,0,1,0,0,0,0,0,0,0,0,0,0,0,0,0,0,1,0,0,0,0,0,0,0,0,0,0,1,0,0,0,0,0,0,He
3,0,1,-1,0,1,0,1,0,0,0,0,0,0,1,0,0,1,0,0,0,0,0,0,1,0,0,1,0,0,0,0,0,0,0,0,0,0,1,0,0,0,0,0,0,1,0,0,1,0,0,0,0,0,0,0,0,0,0,1,0,0,0,0,0,0,1,0,0,1,0,0,0,0,0,0,0,0,0,0,0,0,0,0,1,0,0,0,0,0,0,0,0,0,0,1,0,0,0,0,0,0,1,0,0,1,0,0,0,0,0,0,0,0,0,0,0,0,0,0,1,0,0,0,0,0,0,0,0,0,0,1,0,0,0,0,0,0,Li
4,0,1,-1,0,1,-1,1,0,0,0,0,0,0,1,0,0,1,0,0,0,0,0,0,1,0,0,1,0,0,0,0,0,0,0,0,0,0,1,0,0,0,0,0,0,1,0,0,1,0,0,0,0,0,0,0,0,0,0,1,0,0,0,0,0,0,1,0,0,1,0,0,0,0,0,0,0,0,0,0,0,0,0,0,1,0,0,0,0,0,0,0,0,0,0,1,0,0,0,0,0,0,1,0,0,1,0,0,0,0,0,0,0,0,0,0,0,0,0,0,1,0,0,0,0,0,0,0,0,0,0,1,0,0,0,0,0,0,Be
5,0,1,-1,0,1,-1,0,1,0,0,0,0,0,1,0,0,1,0,0,0,0,0,0,1,0,0,1,0,0,0,0,0,0,0,0,0,0,1,0,0,0,0,0,0,1,0,0,1,0,0,0,0,0,0,0,0,0,0,1,0,0,0,0,0,0,1,0,0,1,0,0,0,0,0,0,0,0,0,0,0,0,0,0,1,0,0,0,0,0,0,0,0,0,0,1,0,0,0,0,0,0,1,0,0,1,0,0,0,0,0,0,0,0,0,0,0,0,0,0,1,0,0,0,0,0,0,0,0,0,0,1,0,0,0,0,0,0,B
6,0,1,-1,0,1,-1,0,1,1,0,0,0,0,1,0,0,1,0,0,0,0,0,0,1,0,0,1,0,0,0,0,0,0,0,0,0,0,1,0,0,0,0,0,0,1,0,0,1,0,0,0,0,0,0,0,0,0,0,1,0,0,0,0,0,0,1,0,0,1,0,0,0,0,0,0,0,0,0,0,0,0,0,0,1,0,0,0,0,0,0,0,0,0,0,1,0,0,0,0,0,0,1,0,0,1,0,0,0,0,0,0,0,0,0,0,0,0,0,0,1,0,0,0,0,0,0,0,0,0,0,1,0,0,0,0,0,0,C
7,0,1,-1,0,1,-1,0,1,1,1,0,0,0,1,0,0,1,0,0,0,0,0,0,1,0,0,1,0,0,0,0,0,0,0,0,0,0,1,0,0,0,0,0,0,1,0,0,1,0,0,0,0,0,0,0,0,0,0,1,0,0,0,0,0,0,1,0,0,1,0,0,0,0,0,0,0,0,0,0,0,0,0,0,1,0,0,0,0,0,0,0,0,0,0,1,0,0,0,0,0,0,1,0,0,1,0,0,0,0,0,0,0,0,0,0,0,0,0,0,1,0,0,0,0,0,0,0,0,0,0,1,0,0,0,0,0,0,N
8,0,1,-1,0,1,-1,0,1,1,1,-1,0,0,1,0,0,1,0,0,0,0,0,0,1,0,0,1,0,0,0,0,0,0,0,0,0,0,1,0,0,0,0,0,0,1,0,0,1,0,0,0,0,0,0,0,0,0,0,1,0,0,0,0,0,0,1,0,0,1,0,0,0,0,0,0,0,0,0,0,0,0,0,0,1,0,0,0,0,0,0,0,0,0,0,1,0,0,0,0,0,0,1,0,0,1,0,0,0,0,0,0,0,0,0,0,0,0,0,0,1,0,0,0,0,0,0,0,0,0,0,1,0,0,0,0,0,0,O
9,0,1,-1,0,1,-1,0,1,1,1,-1,-1,0,1,0,0,1,0,0,0,0,0,0,1,0,0,1,0,0,0,0,0,0,0,0,0,0,1,0,0,0,0,0,0,1,0,0,1,0,0,0,0,0,0,0,0,0,0,1,0,0,0,0,0,0,1,0,0,1,0,0,0,0,0,0,0,0,0,0,0,0,0,0,1,0,0,0,0,0,0,0,0,0,0,1,0,0,0,0,0,0,1,0,0,1,0,0,0,0,0,0,0,0,0,0,0,0,0,0,1,0,0,0,0,0,0,0,0,0,0,1,0,0,0,0,0,0,F
10,0,1,-1,0,1,-1,0,1,1,1,-1,-1,-1,1,0,0,1,0,0,0,0,0,0,1,0,0,1,0,0,0,0,0,0,0,0,0,0,1,0,0,0,0,0,0,1,0,0,1,0,0,0,0,0,0,0,0,0,0,1,0,0,0,0,0,0,1,0,0,1,0,0,0,0,0,0,0,0,0,0,0,0,0,0,1,0,0,0,0,0,0,0,0,0,0,1,0,0,0,0,0,0,1,0,0,1,0,0,0,0,0,0,0,0,0,0,0,0,0,0,1,0,0,0,0,0,0,0,0,0,0,1,0,0,0,0,0,0,Ne
11,0,1,-1,0,1,-1,0,1,1,1,-1,-1,-1,0,1,0,1,0,0,0,0,0,0,1,0,0,1,0,0,0,0,0,0,0,0,0,0,1,0,0,0,0,0,0,1,0,0,1,0,0,0,0,0,0,0,0,0,0,1,0,0,0,0,0,0,1,0,0,1,0,0,0,0,0,0,0,0,0,0,0,0,0,0,1,0,0,0,0,0,0,0,0,0,0,1,0,0,0,0,0,0,1,0,0,1,0,0,0,0,0,0,0,0,0,0,0,0,0,0,1,0,0,0,0,0,0,0,0,0,0,1,0,0,0,0,0,0,Na
12,0,1,-1,0,1,-1,0,1,1,1,-1,-1,-1,0,1,-1,1,0,0,0,0,0,0,1,0,0,1,0,0,0,0,0,0,0,0,0,0,1,0,0,0,0,0,0,1,0,0,1,0,0,0,0,0,0,0,0,0,0,1,0,0,0,0,0,0,1,0,0,1,0,0,0,0,0,0,0,0,0,0,0,0,0,0,1,0,0,0,0,0,0,0,0,0,0,1,0,0,0,0,0,0,1,0,0,1,0,0,0,0,0,0,0,0,0,0,0,0,0,0,1,0,0,0,0,0,0,0,0,0,0,1,0,0,0,0,0,0,Mg
13,0,1,-1,0,1,-1,0,1,1,1,-1,-1,-1,0,1,-1,0,1,0,0,0,0,0,1,0,0,1,0,0,0,0,0,0,0,0,0,0,1,0,0,0,0,0,0,1,0,0,1,0,0,0,0,0,0,0,0,0,0,1,0,0,0,0,0,0,1,0,0,1,0,0,0,0,0,0,0,0,0,0,0,0,0,0,1,0,0,0,0,0,0,0,0,0,0,1,0,0,0,0,0,0,1,0,0,1,0,0,0,0,0,0,0,0,0,0,0,0,0,0,1,0,0,0,0,0,0,0,0,0,0,1,0,0,0,0,0,0,Al
14,0,1,-1,0,1,-1,0,1,1,1,-1,-1,-1,0,1,-1,0,1,1,0,0,0,0,1,0,0,1,0,0,0,0,0,0,0,0,0,0,1,0,0,0,0,0,0,1,0,0,1,0,0,0,0,0,0,0,0,0,0,1,0,0,0,0,0,0,1,0,0,1,0,0,0,0,0,0,0,0,0,0,0,0,0,0,1,0,0,0,0,0,0,0,0,0,0,1,0,0,0,0,0,0,1,0,0,1,0,0,0,0,0,0,0,0,0,0,0,0,0,0,1,0,0,0,0,0,0,0,0,0,0,1,0,0,0,0,0,0,Si
15,0,1,-1,0,1,-1,0,1,1,1,-1,-1,-1,0,1,-1,0,1,1,1,0,0,0,1,0,0,1,0,0,0,0,0,0,0,0,0,0,1,0,0,0,0,0,0,1,0,0,1,0,0,0,0,0,0,0,0,0,0,1,0,0,0,0,0,0,1,0,0,1,0,0,0,0,0,0,0,0,0,0,0,0,0,0,1,0,0,0,0,0,0,0,0,0,0,1,0,0,0,0,0,0,1,0,0,1,0,0,0,0,0,0,0,0,0,0,0,0,0,0,1,0,0,0,0,0,0,0,0,0,0,1,0,0,0,0,0,0,P
16,0,1,-1,0,1,-1,0,1,1,1,-1,-1,-1,0,1,-1,0,1,1,1,-1,0,0,1,0,0,1,0,0,0,0,0,0,0,0,0,0,1,0,0,0,0,0,0,1,0,0,1,0,0,0,0,0,0,0,0,0,0,1,0,0,0,0,0,0,1,0,0,1,0,0,0,0,0,0,0,0,0,0,0,0,0,0,1,0,0,0,0,0,0,0,0,0,0,1,0,0,0,0,0,0,1,0,0,1,0,0,0,0,0,0,0,0,0,0,0,0,0,0,1,0,0,0,0,0,0,0,0,0,0,1,0,0,0,0,0,0,S
17,0,1,-1,0,1,-1,0,1,1,1,-1,-1,-1,0,1,-1,0,1,1,1,-1,-1,0,1,0,0,1,0,0,0,0,0,0,0,0,0,0,1,0,0,0,0,0,0,1,0,0,1,0,0,0,0,0,0,0,0,0,0,1,0,0,0,0,0,0,1,0,0,1,0,0,0,0,0,0,0,0,0,0,0,0,0,0,1,0,0,0,0,0,0,0,0,0,0,1,0,0,0,0,0,0,1,0,0,1,0,0,0,0,0,0,0,0,0,0,0,0,0,0,1,0,0,0,0,0,0,0,0,0,0,1,0,0,0,0,0,0,Cl
18,0,1,-1,0,1,-1,0,1,1,1,-1,-1,-1,0,1,-1,0,1,1,1,-1,-1,-1,1,0,0,1,0,0,0,0,0,0,0,0,0,0,1,0,0,0,0,0,0,1,0,0,1,0,0,0,0,0,0,0,0,0,0,1,0,0,0,0,0,0,1,0,0,1,0,0,0,0,0,0,0,0,0,0,0,0,0,0,1,0,0,0,0,0,0,0,0,0,0,1,0,0,0,0,0,0,1,0,0,1,0,0,0,0,0,0,0,0,0,0,0,0,0,0,1,0,0,0,0,0,0,0,0,0,0,1,0,0,0,0,0,0,Ar
19,0,1,-1,0,1,-1,0,1,1,1,-1,-1,-1,0,1,-1,0,1,1,1,-1,-1,-1,0,1,0,1,0,0,0,0,0,0,0,0,0,0,1,0,0,0,0,0,0,1,0,0,1,0,0,0,0,0,0,0,0,0,0,1,0,0,0,0,0,0,1,0,0,1,0,0,0,0,0,0,0,0,0,0,0,0,0,0,1,0,0,0,0,0,0,0,0,0,0,1,0,0,0,0,0,0,1,0,0,1,0,0,0,0,0,0,0,0,0,0,0,0,0,0,1,0,0,0,0,0,0,0,0,0,0,1,0,0,0,0,0,0,K
20,0,1,-1,0,1,-1,0,1,1,1,-1,-1,-1,0,1,-1,0,1,1,1,-1,-1,-1,0,1,-1,1,0,0,0,0,0,0,0,0,0,0,1,0,0,0,0,0,0,1,0,0,1,0,0,0,0,0,0,0,0,0,0,1,0,0,0,0,0,0,1,0,0,1,0,0,0,0,0,0,0,0,0,0,0,0,0,0,1,0,0,0,0,0,0,0,0,0,0,1,0,0,0,0,0,0,1,0,0,1,0,0,0,0,0,0,0,0,0,0,0,0,0,0,1,0,0,0,0,0,0,0,0,0,0,1,0,0,0,0,0,0,Ca
21,0,1,-1,0,1,-1,0,1,1,1,-1,-1,-1,0,1,-1,0,1,1,1,-1,-1,-1,0,1,-1,0,1,0,0,0,0,0,0,0,0,0,1,0,0,0,0,0,0,1,0,0,1,0,0,0,0,0,0,0,0,0,0,1,0,0,0,0,0,0,1,0,0,1,0,0,0,0,0,0,0,0,0,0,0,0,0,0,1,0,0,0,0,0,0,0,0,0,0,1,0,0,0,0,0,0,1,0,0,1,0,0,0,0,0,0,0,0,0,0,0,0,0,0,1,0,0,0,0,0,0,0,0,0,0,1,0,0,0,0,0,0,Sc
22,0,1,-1,0,1,-1,0,1,1,1,-1,-1,-1,0,1,-1,0,1,1,1,-1,-1,-1,0,1,-1,0,1,1,0,0,0,0,0,0,0,0,1,0,0,0,0,0,0,1,0,0,1,0,0,0,0,0,0,0,0,0,0,1,0,0,0,0,0,0,1,0,0,1,0,0,0,0,0,0,0,0,0,0,0,0,0,0,1,0,0,0,0,0,0,0,0,0,0,1,0,0,0,0,0,0,1,0,0,1,0,0,0,0,0,0,0,0,0,0,0,0,0,0,1,0,0,0,0,0,0,0,0,0,0,1,0,0,0,0,0,0,Ti
23,0,1,-1,0,1,-1,0,1,1,1,-1,-1,-1,0,1,-1,0,1,1,1,-1,-1,-1,0,1,-1,0,1,1,1,0,0,0,0,0,0,0,1,0,0,0,0,0,0,1,0,0,1,0,0,0,0,0,0,0,0,0,0,1,0,0,0,0,0,0,1,0,0,1,0,0,0,0,0,0,0,0,0,0,0,0,0,0,1,0,0,0,0,0,0,0,0,0,0,1,0,0,0,0,0,0,1,0,0,1,0,0,0,0,0,0,0,0,0,0,0,0,0,0,1,0,0,0,0,0,0,0,0,0,0,1,0,0,0,0,0,0,V
24,0,1,-1,0,1,-1,0,1,1,1,-1,-1,-1,0,1,-1,0,1,1,1,-1,-1,-1,0,1,0,0,1,1,1,1,1,0,0,0,0,0,1,0,0,0,0,0,0,1,0,0,1,0,0,0,0,0,0,0,0,0,0,1,0,0,0,0,0,0,1,0,0,1,0,0,0,0,0,0,0,0,0,0,0,0,0,0,1,0,0,0,0,0,0,0,0,0,0,1,0,0,0,0,0,0,1,0,0,1,0,0,0,0,0,0,0,0,0,0,0,0,0,0,1,0,0,0,0,0,0,0,0,0,0,1,0,0,0,0,0,0,Cr
25,0,1,-1,0,1,-1,0,1,1,1,-1,-1,-1,0,1,-1,0,1,1,1,-1,-1,-1,0,1,-1,0,1,1,1,1,1,0,0,0,0,0,1,0,0,0,0,0,0,1,0,0,1,0,0,0,0,0,0,0,0,0,0,1,0,0,0,0,0,0,1,0,0,1,0,0,0,0,0,0,0,0,0,0,0,0,0,0,1,0,0,0,0,0,0,0,0,0,0,1,0,0,0,0,0,0,1,0,0,1,0,0,0,0,0,0,0,0,0,0,0,0,0,0,1,0,0,0,0,0,0,0,0,0,0,1,0,0,0,0,0,0,Mn
26,0,1,-1,0,1,-1,0,1,1,1,-1,-1,-1,0,1,-1,0,1,1,1,-1,-1,-1,0,1,-1,0,1,1,1,1,1,-1,0,0,0,0,1,0,0,0,0,0,0,1,0,0,1,0,0,0,0,0,0,0,0,0,0,1,0,0,0,0,0,0,1,0,0,1,0,0,0,0,0,0,0,0,0,0,0,0,0,0,1,0,0,0,0,0,0,0,0,0,0,1,0,0,0,0,0,0,1,0,0,1,0,0,0,0,0,0,0,0,0,0,0,0,0,0,1,0,0,0,0,0,0,0,0,0,0,1,0,0,0,0,0,0,Fe
27,0,1,-1,0,1,-1,0,1,1,1,-1,-1,-1,0,1,-1,0,1,1,1,-1,-1,-1,0,1,-1,0,1,1,1,1,1,-1,-1,0,0,0,1,0,0,0,0,0,0,1,0,0,1,0,0,0,0,0,0,0,0,0,0,1,0,0,0,0,0,0,1,0,0,1,0,0,0,0,0,0,0,0,0,0,0,0,0,0,1,0,0,0,0,0,0,0,0,0,0,1,0,0,0,0,0,0,1,0,0,1,0,0,0,0,0,0,0,0,0,0,0,0,0,0,1,0,0,0,0,0,0,0,0,0,0,1,0,0,0,0,0,0,Co
28,0,1,-1,0,1,-1,0,1,1,1,-1,-1,-1,0,1,-1,0,1,1,1,-1,-1,-1,0,1,-1,0,1,1,1,1,1,-1,-1,-1,0,0,1,0,0,0,0,0,0,1,0,0,1,0,0,0,0,0,0,0,0,0,0,1,0,0,0,0,0,0,1,0,0,1,0,0,0,0,0,0,0,0,0,0,0,0,0,0,1,0,0,0,0,0,0,0,0,0,0,1,0,0,0,0,0,0,1,0,0,1,0,0,0,0,0,0,0,0,0,0,0,0,0,0,1,0,0,0,0,0,0,0,0,0,0,1,0,0,0,0,0,0,Ni
29,0,1,-1,0,1,-1,0,1,1,1,-1,-1,-1,0,1,-1,0,1,1,1,-1,-1,-1,0,1,0,0,1,1,1,1,1,-1,-1,-1,-1,-1,1,0,0,0,0,0,0,1,0,0,1,0,0,0,0,0,0,0,0,0,0,1,0,0,0,0,0,0,1,0,0,1,0,0,0,0,0,0,0,0,0,0,0,0,0,0,1,0,0,0,0,0,0,0,0,0,0,1,0,0,0,0,0,0,1,0,0,1,0,0,0,0,0,0,0,0,0,0,0,0,0,0,1,0,0,0,0,0,0,0,0,0,0,1,0,0,0,0,0,0,Cu
30,0,1,-1,0,1,-1,0,1,1,1,-1,-1,-1,0,1,-1,0,1,1,1,-1,-1,-1,0,1,-1,0,1,1,1,1,1,-1,-1,-1,-1,-1,1,0,0,0,0,0,0,1,0,0,1,0,0,0,0,0,0,0,0,0,0,1,0,0,0,0,0,0,1,0,0,1,0,0,0,0,0,0,0,0,0,0,0,0,0,0,1,0,0,0,0,0,0,0,0,0,0,1,0,0,0,0,0,0,1,0,0,1,0,0,0,0,0,0,0,0,0,0,0,0,0,0,1,0,0,0,0,0,0,0,0,0,0,1,0,0,0,0,0,0,Zn
31,0,1,-1,0,1,-1,0,1,1,1,-1,-1,-1,0,1,-1,0,1,1,1,-1,-1,-1,0,1,-1,0,1,1,1,1,1,-1,-1,-1,-1,-1,0,1,0,0,0,0,0,1,0,0,1,0,0,0,0,0,0,0,0,0,0,1,0,0,0,0,0,0,1,0,0,1,0,0,0,0,0,0,0,0,0,0,0,0,0,0,1,0,0,0,0,0,0,0,0,0,0,1,0,0,0,0,0,0,1,0,0,1,0,0,0,0,0,0,0,0,0,0,0,0,0,0,1,0,0,0,0,0,0,0,0,0,0,1,0,0,0,0,0,0,Ga
32,0,1,-1,0,1,-1,0,1,1,1,-1,-1,-1,0,1,-1,0,1,1,1,-1,-1,-1,0,1,-1,0,1,1,1,1,1,-1,-1,-1,-1,-1,0,1,1,0,0,0,0,1,0,0,1,0,0,0,0,0,0,0,0,0,0,1,0,0,0,0,0,0,1,0,0,1,0,0,0,0,0,0,0,0,0,0,0,0,0,0,1,0,0,0,0,0,0,0,0,0,0,1,0,0,0,0,0,0,1,0,0,1,0,0,0,0,0,0,0,0,0,0,0,0,0,0,1,0,0,0,0,0,0,0,0,0,0,1,0,0,0,0,0,0,Ge
33,0,1,-1,0,1,-1,0,1,1,1,-1,-1,-1,0,1,-1,0,1,1,1,-1,-1,-1,0,1,-1,0,1,1,1,1,1,-1,-1,-1,-1,-1,0,1,1,1,0,0,0,1,0,0,1,0,0,0,0,0,0,0,0,0,0,1,0,0,0,0,0,0,1,0,0,1,0,0,0,0,0,0,0,0,0,0,0,0,0,0,1,0,0,0,0,0,0,0,0,0,0,1,0,0,0,0,0,0,1,0,0,1,0,0,0,0,0,0,0,0,0,0,0,0,0,0,1,0,0,0,0,0,0,0,0,0,0,1,0,0,0,0,0,0,As
34,0,1,-1,0,1,-1,0,1,1,1,-1,-1,-1,0,1,-1,0,1,1,1,-1,-1,-1,0,1,-1,0,1,1,1,1,1,-1,-1,-1,-1,-1,0,1,1,1,-1,0,0,1,0,0,1,0,0,0,0,0,0,0,0,0,0,1,0,0,0,0,0,0,1,0,0,1,0,0,0,0,0,0,0,0,0,0,0,0,0,0,1,0,0,0,0,0,0,0,0,0,0,1,0,0,0,0,0,0,1,0,0,1,0,0,0,0,0,0,0,0,0,0,0,0,0,0,1,0,0,0,0,0,0,0,0,0,0,1,0,0,0,0,0,0,Se
35,0,1,-1,0,1,-1,0,1,1,1,-1,-1,-1,0,1,-1,0,1,1,1,-1,-1,-1,0,1,-1,0,1,1,1,1,1,-1,-1,-1,-1,-1,0,1,1,1,-1,-1,0,1,0,0,1,0,0,0,0,0,0,0,0,0,0,1,0,0,0,0,0,0,1,0,0,1,0,0,0,0,0,0,0,0,0,0,0,0,0,0,1,0,0,0,0,0,0,0,0,0,0,1,0,0,0,0,0,0,1,0,0,1,0,0,0,0,0,0,0,0,0,0,0,0,0,0,1,0,0,0,0,0,0,0,0,0,0,1,0,0,0,0,0,0,Br
36,0,1,-1,0,1,-1,0,1,1,1,-1,-1,-1,0,1,-1,0,1,1,1,-1,-1,-1,0,1,-1,0,1,1,1,1,1,-1,-1,-1,-1,-1,0,1,1,1,-1,-1,-1,1,0,0,1,0,0,0,0,0,0,0,0,0,0,1,0,0,0,0,0,0,1,0,0,1,0,0,0,0,0,0,0,0,0,0,0,0,0,0,1,0,0,0,0,0,0,0,0,0,0,1,0,0,0,0,0,0,1,0,0,1,0,0,0,0,0,0,0,0,0,0,0,0,0,0,1,0,0,0,0,0,0,0,0,0,0,1,0,0,0,0,0,0,Kr
37,0,1,-1,0,1,-1,0,1,1,1,-1,-1,-1,0,1,-1,0,1,1,1,-1,-1,-1,0,1,-1,0,1,1,1,1,1,-1,-1,-1,-1,-1,0,1,1,1,-1,-1,-1,0,1,0,1,0,0,0,0,0,0,0,0,0,0,1,0,0,0,0,0,0,1,0,0,1,0,0,0,0,0,0,0,0,0,0,0,0,0,0,1,0,0,0,0,0,0,0,0,0,0,1,0,0,0,0,0,0,1,0,0,1,0,0,0,0,0,0,0,0,0,0,0,0,0,0,1,0,0,0,0,0,0,0,0,0,0,1,0,0,0,0,0,0,Rb
38,0,1,-1,0,1,-1,0,1,1,1,-1,-1,-1,0,1,-1,0,1,1,1,-1,-1,-1,0,1,-1,0,1,1,1,1,1,-1,-1,-1,-1,-1,0,1,1,1,-1,-1,-1,0,1,-1,1,0,0,0,0,0,0,0,0,0,0,1,0,0,0,0,0,0,1,0,0,1,0,0,0,0,0,0,0,0,0,0,0,0,0,0,1,0,0,0,0,0,0,0,0,0,0,1,0,0,0,0,0,0,1,0,0,1,0,0,0,0,0,0,0,0,0,0,0,0,0,0,1,0,0,0,0,0,0,0,0,0,0,1,0,0,0,0,0,0,Sr
39,0,1,-1,0,1,-1,0,1,1,1,-1,-1,-1,0,1,-1,0,1,1,1,-1,-1,-1,0,1,-1,0,1,1,1,1,1,-1,-1,-1,-1,-1,0,1,1,1,-1,-1,-1,0,1,-1,0,1,0,0,0,0,0,0,0,0,0,1,0,0,0,0,0,0,1,0,0,1,0,0,0,0,0,0,0,0,0,0,0,0,0,0,1,0,0,0,0,0,0,0,0,0,0,1,0,0,0,0,0,0,1,0,0,1,0,0,0,0,0,0,0,0,0,0,0,0,0,0,1,0,0,0,0,0,0,0,0,0,0,1,0,0,0,0,0,0,Y
40,0,1,-1,0,1,-1,0,1,1,1,-1,-1,-1,0,1,-1,0,1,1,1,-1,-1,-1,0,1,-1,0,1,1,1,1,1,-1,-1,-1,-1,-1,0,1,1,1,-1,-1,-1,0,1,-1,0,1,1,0,0,0,0,0,0,0,0,1,0,0,0,0,0,0,1,0,0,1,0,0,0,0,0,0,0,0,0,0,0,0,0,0,1,0,0,0,0,0,0,0,0,0,0,1,0,0,0,0,0,0,1,0,0,1,0,0,0,0,0,0,0,0,0,0,0,0,0,0,1,0,0,0,0,0,0,0,0,0,0,1,0,0,0,0,0,0,Zr
41,0,1,-1,0,1,-1,0,1,1,1,-1,-1,-1,0,1,-1,0,1,1,1,-1,-1,-1,0,1,-1,0,1,1,1,1,1,-1,-1,-1,-1,-1,0,1,1,1,-1,-1,-1,0,1,0,0,1,1,1,1,0,0,0,0,0,0,1,0,0,0,0,0,0,1,0,0,1,0,0,0,0,0,0,0,0,0,0,0,0,0,0,1,0,0,0,0,0,0,0,0,0,0,1,0,0,0,0,0,0,1,0,0,1,0,0,0,0,0,0,0,0,0,0,0,0,0,0,1,0,0,0,0,0,0,0,0,0,0,1,0,0,0,0,0,0,Nb
42,0,1,-1,0,1,-1,0,1,1,1,-1,-1,-1,0,1,-1,0,1,1,1,-1,-1,-1,0,1,-1,0,1,1,1,1,1,-1,-1,-1,-1,-1,0,1,1,1,-1,-1,-1,0,1,0,0,1,1,1,1,1,0,0,0,0,0,1,0,0,0,0,0,0,1,0,0,1,0,0,0,0,0,0,0,0,0,0,0,0,0,0,1,0,0,0,0,0,0,0,0,0,0,1,0,0,0,0,0,0,1,0,0,1,0,0,0,0,0,0,0,0,0,0,0,0,0,0,1,0,0,0,0,0,0,0,0,0,0,1,0,0,0,0,0,0,Mo
43,0,1,-1,0,1,-1,0,1,1,1,-1,-1,-1,0,1,-1,0,1,1,1,-1,-1,-1,0,1,-1,0,1,1,1,1,1,-1,-1,-1,-1,-1,0,1,1,1,-1,-1,-1,0,1,-1,0,1,1,1,1,1,0,0,0,0,0,1,0,0,0,0,0,0,1,0,0,1,0,0,0,0,0,0,0,0,0,0,0,0,0,0,1,0,0,0,0,0,0,0,0,0,0,1,0,0,0,0,0,0,1,0,0,1,0,0,0,0,0,0,0,0,0,0,0,0,0,0,1,0,0,0,0,0,0,0,0,0,0,1,0,0,0,0,0,0,Tc
44,0,1,-1,0,1,-1,0,1,1,1,-1,-1,-1,0,1,-1,0,1,1,1,-1,-1,-1,0,1,-1,0,1,1,1,1,1,-1,-1,-1,-1,-1,0,1,1,1,-1,-1,-1,0,1,0,0,1,1,1,1,1,-1,-1,0,0,0,1,0,0,0,0,0,0,1,0,0,1,0,0,0,0,0,0,0,0,0,0,0,0,0,0,1,0,0,0,0,0,0,0,0,0,0,1,0,0,0,0,0,0,1,0,0,1,0,0,0,0,0,0,0,0,0,0,0,0,0,0,1,0,0,0,0,0,0,0,0,0,0,1,0,0,0,0,0,0,Ru
45,0,1,-1,0,1,-1,0,1,1,1,-1,-1,-1,0,1,-1,0,1,1,1,-1,-1,-1,0,1,-1,0,1,1,1,1,1,-1,-1,-1,-1,-1,0,1,1,1,-1,-1,-1,0,1,-1,0,1,1,1,1,1,-1,-1,0,0,0,1,0,0,0,0,0,0,1,0,0,1,0,0,0,0,0,0,0,0,0,0,0,0,0,0,1,0,0,0,0,0,0,0,0,0,0,1,0,0,0,0,0,0,1,0,0,1,0,0,0,0,0,0,0,0,0,0,0,0,0,0,1,0,0,0,0,0,0,0,0,0,0,1,0,0,0,0,0,0,Rh
46,0,1,-1,0,1,-1,0,1,1,1,-1,-1,-1,0,1,-1,0,1,1,1,-1,-1,-1,0,1,-1,0,1,1,1,1,1,-1,-1,-1,-1,-1,0,1,1,1,-1,-1,-1,1,0,0,0,1,1,1,1,1,-1,-1,-1,-1,-1,1,0,0,0,0,0,0,1,0,0,1,0,0,0,0,0,0,0,0,0,0,0,0,0,0,1,0,0,0,0,0,0,0,0,0,0,1,0,0,0,0,0,0,1,0,0,1,0,0,0,0,0,0,0,0,0,0,0,0,0,0,1,0,0,0,0,0,0,0,0,0,0,1,0,0,0,0,0,0,Pd
47,0,1,-1,0,1,-1,0,1,1,1,-1,-1,-1,0,1,-1,0,1,1,1,-1,-1,-1,0,1,-1,0,1,1,1,1,1,-1,-1,-1,-1,-1,0,1,1,1,-1,-1,-1,0,1,0,0,1,1,1,1,1,-1,-1,-1,-1,-1,1,0,0,0,0,0,0,1,0,0,1,0,0,0,0,0,0,0,0,0,0,0,0,0,0,1,0,0,0,0,0,0,0,0,0,0,1,0,0,0,0,0,0,1,0,0,1,0,0,0,0,0,0,0,0,0,0,0,0,0,0,1,0,0,0,0,0,0,0,0,0,0,1,0,0,0,0,0,0,Ag
48,0,1,-1,0,1,-1,0,1,1,1,-1,-1,-1,0,1,-1,0,1,1,1,-1,-1,-1,0,1,-1,0,1,1,1,1,1,-1,-1,-1,-1,-1,0,1,1,1,-1,-1,-1,0,1,-1,0,1,1,1,1,1,-1,-1,-1,-1,-1,1,0,0,0,0,0,0,1,0,0,1,0,0,0,0,0,0,0,0,0,0,0,0,0,0,1,0,0,0,0,0,0,0,0,0,0,1,0,0,0,0,0,0,1,0,0,1,0,0,0,0,0,0,0,0,0,0,0,0,0,0,1,0,0,0,0,0,0,0,0,0,0,1,0,0,0,0,0,0,Cd
49,0,1,-1,0,1,-1,0,1,1,1,-1,-1,-1,0,1,-1,0,1,1,1,-1,-1,-1,0,1,-1,0,1,1,1,1,1,-1,-1,-1,-1,-1,0,1,1,1,-1,-1,-1,0,1,-1,0,1,1,1,1,1,-1,-1,-1,-1,-1,0,1,0,0,0,0,0,1,0,0,1,0,0,0,0,0,0,0,0,0,0,0,0,0,0,1,0,0,0,0,0,0,0,0,0,0,1,0,0,0,0,0,0,1,0,0,1,0,0,0,0,0,0,0,0,0,0,0,0,0,0,1,0,0,0,0,0,0,0,0,0,0,1,0,0,0,0,0,0,In
50,0,1,-1,0,1,-1,0,1,1,1,-1,-1,-1,0,1,-1,0,1,1,1,-1,-1,-1,0,1,-1,0,1,1,1,1,1,-1,-1,-1,-1,-1,0,1,1,1,-1,-1,-1,0,1,-1,0,1,1,1,1,1,-1,-1,-1,-1,-1,0,1,1,0,0,0,0,1,0,0,1,0,0,0,0,0,0,0,0,0,0,0,0,0,0,1,0,0,0,0,0,0,0,0,0,0,1,0,0,0,0,0,0,1,0,0,1,0,0,0,0,0,0,0,0,0,0,0,0,0,0,1,0,0,0,0,0,0,0,0,0,0,1,0,0,0,0,0,0,Sn
51,0,1,-1,0,1,-1,0,1,1,1,-1,-1,-1,0,1,-1,0,1,1,1,-1,-1,-1,0,1,-1,0,1,1,1,1,1,-1,-1,-1,-1,-1,0,1,1,1,-1,-1,-1,0,1,-1,0,1,1,1,1,1,-1,-1,-1,-1,-1,0,1,1,1,0,0,0,1,0,0,1,0,0,0,0,0,0,0,0,0,0,0,0,0,0,1,0,0,0,0,0,0,0,0,0,0,1,0,0,0,0,0,0,1,0,0,1,0,0,0,0,0,0,0,0,0,0,0,0,0,0,1,0,0,0,0,0,0,0,0,0,0,1,0,0,0,0,0,0,Sb
52,0,1,-1,0,1,-1,0,1,1,1,-1,-1,-1,0,1,-1,0,1,1,1,-1,-1,-1,0,1,-1,0,1,1,1,1,1,-1,-1,-1,-1,-1,0,1,1,1,-1,-1,-1,0,1,-1,0,1,1,1,1,1,-1,-1,-1,-1,-1,0,1,1,1,-1,0,0,1,0,0,1,0,0,0,0,0,0,0,0,0,0,0,0,0,0,1,0,0,0,0,0,0,0,0,0,0,1,0,0,0,0,0,0,1,0,0,1,0,0,0,0,0,0,0,0,0,0,0,0,0,0,1,0,0,0,0,0,0,0,0,0,0,1,0,0,0,0,0,0,Te
53,0,1,-1,0,1,-1,0,1,1,1,-1,-1,-1,0,1,-1,0,1,1,1,-1,-1,-1,0,1,-1,0,1,1,1,1,1,-1,-1,-1,-1,-1,0,1,1,1,-1,-1,-1,0,1,-1,0,1,1,1,1,1,-1,-1,-1,-1,-1,0,1,1,1,-1,-1,0,1,0,0,1,0,0,0,0,0,0,0,0,0,0,0,0,0,0,1,0,0,0,0,0,0,0,0,0,0,1,0,0,0,0,0,0,1,0,0,1,0,0,0,0,0,0,0,0,0,0,0,0,0,0,1,0,0,0,0,0,0,0,0,0,0,1,0,0,0,0,0,0,I
54,0,1,-1,0,1,-1,0,1,1,1,-1,-1,-1,0,1,-1,0,1,1,1,-1,-1,-1,0,1,-1,0,1,1,1,1,1,-1,-1,-1,-1,-1,0,1,1,1,-1,-1,-1,0,1,-1,0,1,1,1,1,1,-1,-1,-1,-1,-1,0,1,1,1,-1,-1,-1,1,0,0,1,0,0,0,0,0,0,0,0,0,0,0,0,0,0,1,0,0,0,0,0,0,0,0,0,0,1,0,0,0,0,0,0,1,0,0,1,0,0,0,0,0,0,0,0,0,0,0,0,0,0,1,0,0,0,0,0,0,0,0,0,0,1,0,0,0,0,0,0,Xe
55,0,1,-1,0,1,-1,0,1,1,1,-1,-1,-1,0,1,-1,0,1,1,1,-1,-1,-1,0,1,-1,0,1,1,1,1,1,-1,-1,-1,-1,-1,0,1,1,1,-1,-1,-1,0,1,-1,0,1,1,1,1,1,-1,-1,-1,-1,-1,0,1,1,1,-1,-1,-1,0,1,0,1,0,0,0,0,0,0,0,0,0,0,0,0,0,0,1,0,0,0,0,0,0,0,0,0,0,1,0,0,0,0,0,0,1,0,0,1,0,0,0,0,0,0,0,0,0,0,0,0,0,0,1,0,0,0,0,0,0,0,0,0,0,1,0,0,0,0,0,0,Cs
56,0,1,-1,0,1,-1,0,1,1,1,-1,-1,-1,0,1,-1,0,1,1,1,-1,-1,-1,0,1,-1,0,1,1,1,1,1,-1,-1,-1,-1,-1,0,1,1,1,-1,-1,-1,0,1,-1,0,1,1,1,1,1,-1,-1,-1,-1,-1,0,1,1,1,-1,-1,-1,0,1,-1,1,0,0,0,0,0,0,0,0,0,0,0,0,0,0,1,0,0,0,0,0,0,0,0,0,0,1,0,0,0,0,0,0,1,0,0,1,0,0,0,0,0,0,0,0,0,0,0,0,0,0,1,0,0,0,0,0,0,0,0,0,0,1,0,0,0,0,0,0,Ba
57,0,1,-1,0,1,-1,0,1,1,1,-1,-1,-1,0,1,-1,0,1,1,1,-1,-1,-1,0,1,-1,0,1,1,1,1,1,-1,-1,-1,-1,-1,0,1,1,1,-1,-1,-1,0,1,-1,0,1,1,1,1,1,-1,-1,-1,-1,-1,0,1,1,1,-1,-1,-1,0,1,-1,1,0,0,0,0,0,0,0,0,0,0,0,0,0,0,0,1,0,0,0,0,0,0,0,0,0,1,0,0,0,0,0,0,1,0,0,1,0,0,0,0,0,0,0,0,0,0,0,0,0,0,1,0,0,0,0,0,0,0,0,0,0,1,0,0,0,0,0,0,La
58,0,1,-1,0,1,-1,0,1,1,1,-1,-1,-1,0,1,-1,0,1,1,1,-1,-1,-1,0,1,-1,0,1,1,1,1,1,-1,-1,-1,-1,-1,0,1,1,1,-1,-1,-1,0,1,-1,0,1,1,1,1,1,-1,-1,-1,-1,-1,0,1,1,1,-1,-1,-1,0,1,-1,0,1,0,0,0,0,0,0,0,0,0,0,0,0,0,0,1,0,0,0,0,0,0,0,0,0,1,0,0,0,0,0,0,1,0,0,1,0,0,0,0,0,0,0,0,0,0,0,0,0,0,1,0,0,0,0,0,0,0,0,0,0,1,0,0,0,0,0,0,Ce
59,0,1,-1,0,1,-1,0,1,1,1,-1,-1,-1,0,1,-1,0,1,1,1,-1,-1,-1,0,1,-1,0,1,1,1,1,1,-1,-1,-1,-1,-1,0,1,1,1,-1,-1,-1,0,1,-1,0,1,1,1,1,1,-1,-1,-1,-1,-1,0,1,1,1,-1,-1,-1,0,1,-1,0,1,1,1,0,0,0,0,0,0,0,0,0,0,0,1,0,0,0,0,0,0,0,0,0,0,1,0,0,0,0,0,0,1,0,0,1,0,0,0,0,0,0,0,0,0,0,0,0,0,0,1,0,0,0,0,0,0,0,0,0,0,1,0,0,0,0,0,0,Pr
60,0,1,-1,0,1,-1,0,1,1,1,-1,-1,-1,0,1,-1,0,1,1,1,-1,-1,-1,0,1,-1,0,1,1,1,1,1,-1,-1,-1,-1,-1,0,1,1,1,-1,-1,-1,0,1,-1,0,1,1,1,1,1,-1,-1,-1,-1,-1,0,1,1,1,-1,-1,-1,0,1,-1,0,1,1,1,1,0,0,0,0,0,0,0,0,0,0,1,0,0,0,0,0,0,0,0,0,0,1,0,0,0,0,0,0,1,0,0,1,0,0,0,0,0,0,0,0,0,0,0,0,0,0,1,0,0,0,0,0,0,0,0,0,0,1,0,0,0,0,0,0,Nd
61,0,1,-1,0,1,-1,0,1,1,1,-1,-1,-1,0,1,-1,0,1,1,1,-1,-1,-1,0,1,-1,0,1,1,1,1,1,-1,-1,-1,-1,-1,0,1,1,1,-1,-1,-1,0,1,-1,0,1,1,1,1,1,-1,-1,-1,-1,-1,0,1,1,1,-1,-1,-1,0,1,-1,0,1,1,1,1,1,0,0,0,0,0,0,0,0,0,1,0,0,0,0,0,0,0,0,0,0,1,0,0,0,0,0,0,1,0,0,1,0,0,0,0,0,0,0,0,0,0,0,0,0,0,1,0,0,0,0,0,0,0,0,0,0,1,0,0,0,0,0,0,Pm
62,0,1,-1,0,1,-1,0,1,1,1,-1,-1,-1,0,1,-1,0,1,1,1,-1,-1,-1,0,1,-1,0,1,1,1,1,1,-1,-1,-1,-1,-1,0,1,1,1,-1,-1,-1,0,1,-1,0,1,1,1,1,1,-1,-1,-1,-1,-1,0,1,1,1,-1,-1,-1,0,1,-1,0,1,1,1,1,1,1,0,0,0,0,0,0,0,0,1,0,0,0,0,0,0,0,0,0,0,1,0,0,0,0,0,0,1,0,0,1,0,0,0,0,0,0,0,0,0,0,0,0,0,0,1,0,0,0,0,0,0,0,0,0,0,1,0,0,0,0,0,0,Sm
63,0,1,-1,0,1,-1,0,1,1,1,-1,-1,-1,0,1,-1,0,1,1,1,-1,-1,-1,0,1,-1,0,1,1,1,1,1,-1,-1,-1,-1,-1,0,1,1,1,-1,-1,-1,0,1,-1,0,1,1,1,1,1,-1,-1,-1,-1,-1,0,1,1,1,-1,-1,-1,0,1,-1,0,1,1,1,1,1,1,1,0,0,0,0,0,0,0,1,0,0,0,0,0,0,0,0,0,0,1,0,0,0,0,0,0,1,0,0,1,0,0,0,0,0,0,0,0,0,0,0,0,0,0,1,0,0,0,0,0,0,0,0,0,0,1,0,0,0,0,0,0,Eu
64,0,1,-1,0,1,-1,0,1,1,1,-1,-1,-1,0,1,-1,0,1,1,1,-1,-1,-1,0,1,-1,0,1,1,1,1,1,-1,-1,-1,-1,-1,0,1,1,1,-1,-1,-1,0,1,-1,0,1,1,1,1,1,-1,-1,-1,-1,-1,0,1,1,1,-1,-1,-1,0,1,-1,0,1,1,1,1,1,1,1,0,0,0,0,0,0,0,0,1,0,0,0,0,0,0,0,0,0,1,0,0,0,0,0,0,1,0,0,1,0,0,0,0,0,0,0,0,0,0,0,0,0,0,1,0,0,0,0,0,0,0,0,0,0,1,0,0,0,0,0,0,Gd
65,0,1,-1,0,1,-1,0,1,1,1,-1,-1,-1,0,1,-1,0,1,1,1,-1,-1,-1,0,1,-1,0,1,1,1,1,1,-1,-1,-1,-1,-1,0,1,1,1,-1,-1,-1,0,1,-1,0,1,1,1,1,1,-1,-1,-1,-1,-1,0,1,1,1,-1,-1,-1,0,1,-1,0,1,1,1,1,1,1,1,-1,-1,0,0,0,0,0,1,0,0,0,0,0,0,0,0,0,0,1,0,0,0,0,0,0,1,0,0,1,0,0,0,0,0,0,0,0,0,0,0,0,0,0,1,0,0,0,0,0,0,0,0,0,0,1,0,0,0,0,0,0,Tb
66,0,1,-1,0,1,-1,0,1,1,1,-1,-1,-1,0,1,-1,0,1,1,1,-1,-1,-1,0,1,-1,0,1,1,1,1,1,-1,-1,-1,-1,-1,0,1,1,1,-1,-1,-1,0,1,-1,0,1,1,1,1,1,-1,-1,-1,-1,-1,0,1,1,1,-1,-1,-1,0,1,-1,0,1,1,1,1,1,1,1,-1,-1,-1,0,0,0,0,1,0,0,0,0,0,0,0,0,0,0,1,0,0,0,0,0,0,1,0,0,1,0,0,0,0,0,0,0,0,0,0,0,0,0,0,1,0,0,0,0,0,0,0,0,0,0,1,0,0,0,0,0,0,Dy
67,0,1,-1,0,1,-1,0,1,1,1,-1,-1,-1,0,1,-1,0,1,1,1,-1,-1,-1,0,1,-1,0,1,1,1,1,1,-1,-1,-1,-1,-1,0,1,1,1,-1,-1,-1,0,1,-1,0,1,1,1,1,1,-1,-1,-1,-1,-1,0,1,1,1,-1,-1,-1,0,1,-1,0,1,1,1,1,1,1,1,-1,-1,-1,-1,0,0,0,1,0,0,0,0,0,0,0,0,0,0,1,0,0,0,0,0,0,1,0,0,1,0,0,0,0,0,0,0,0,0,0,0,0,0,0,1,0,0,0,0,0,0,0,0,0,0,1,0,0,0,0,0,0,Ho
68,0,1,-1,0,1,-1,0,1,1,1,-1,-1,-1,0,1,-1,0,1,1,1,-1,-1,-1,0,1,-1,0,1,1,1,1,1,-1,-1,-1,-1,-1,0,1,1,1,-1,-1,-1,0,1,-1,0,1,1,1,1,1,-1,-1,-1,-1,-1,0,1,1,1,-1,-1,-1,0,1,-1,0,1,1,1,1,1,1,1,-1,-1,-1,-1,-1,0,0,1,0,0,0,0,0,0,0,0,0,0,1,0,0,0,0,0,0,1,0,0,1,0,0,0,0,0,0,0,0,0,0,0,0,0,0,1,0,0,0,0,0,0,0,0,0,0,1,0,0,0,0,0,0,Er
69,0,1,-1,0,1,-1,0,1,1,1,-1,-1,-1,0,1,-1,0,1,1,1,-1,-1,-1,0,1,-1,0,1,1,1,1,1,-1,-1,-1,-1,-1,0,1,1,1,-1,-1,-1,0,1,-1,0,1,1,1,1,1,-1,-1,-1,-1,-1,0,1,1,1,-1,-1,-1,0,1,-1,0,1,1,1,1,1,1,1,-1,-1,-1,-1,-1,-1,0,1,0,0,0,0,0,0,0,0,0,0,1,0,0,0,0,0,0,1,0,0,1,0,0,0,0,0,0,0,0,0,0,0,0,0,0,1,0,0,0,0,0,0,0,0,0,0,1,0,0,0,0,0,0,Tm
70,0,1,-1,0,1,-1,0,1,1,1,-1,-1,-1,0,1,-1,0,1,1,1,-1,-1,-1,0,1,-1,0,1,1,1,1,1,-1,-1,-1,-1,-1,0,1,1,1,-1,-1,-1,0,1,-1,0,1,1,1,1,1,-1,-1,-1,-1,-1,0,1,1,1,-1,-1,-1,0,1,-1,0,1,1,1,1,1,1,1,-1,-1,-1,-1,-1,-1,-1,1,0,0,0,0,0,0,0,0,0,0,1,0,0,0,0,0,0,1,0,0,1,0,0,0,0,0,0,0,0,0,0,0,0,0,0,1,0,0,0,0,0,0,0,0,0,0,1,0,0,0,0,0,0,Yb
71,0,1,-1,0,1,-1,0,1,1,1,-1,-1,-1,0,1,-1,0,1,1,1,-1,-1,-1,0,1,-1,0,1,1,1,1,1,-1,-1,-1,-1,-1,0,1,1,1,-1,-1,-1,0,1,-1,0,1,1,1,1,1,-1,-1,-1,-1,-1,0,1,1,1,-1,-1,-1,0,1,-1,0,1,1,1,1,1,1,1,-1,-1,-1,-1,-1,-1,-1,0,1,0,0,0,0,0,0,0,0,0,1,0,0,0,0,0,0,1,0,0,1,0,0,0,0,0,0,0,0,0,0,0,0,0,0,1,0,0,0,0,0,0,0,0,0,0,1,0,0,0,0,0,0,Lu
72,0,1,-1,0,1,-1,0,1,1,1,-1,-1,-1,0,1,-1,0,1,1,1,-1,-1,-1,0,1,-1,0,1,1,1,1,1,-1,-1,-1,-1,-1,0,1,1,1,-1,-1,-1,0,1,-1,0,1,1,1,1,1,-1,-1,-1,-1,-1,0,1,1,1,-1,-1,-1,0,1,-1,0,1,1,1,1,1,1,1,-1,-1,-1,-1,-1,-1,-1,0,1,1,0,0,0,0,0,0,0,0,1,0,0,0,0,0,0,1,0,0,1,0,0,0,0,0,0,0,0,0,0,0,0,0,0,1,0,0,0,0,0,0,0,0,0,0,1,0,0,0,0,0,0,Hf
73,0,1,-1,0,1,-1,0,1,1,1,-1,-1,-1,0,1,-1,0,1,1,1,-1,-1,-1,0,1,-1,0,1,1,1,1,1,-1,-1,-1,-1,-1,0,1,1,1,-1,-1,-1,0,1,-1,0,1,1,1,1,1,-1,-1,-1,-1,-1,0,1,1,1,-1,-1,-1,0,1,-1,0,1,1,1,1,1,1,1,-1,-1,-1,-1,-1,-1,-1,0,1,1,1,0,0,0,0,0,0,0,1,0,0,0,0,0,0,1,0,0,1,0,0,0,0,0,0,0,0,0,0,0,0,0,0,1,0,0,0,0,0,0,0,0,0,0,1,0,0,0,0,0,0,Ta
74,0,1,-1,0,1,-1,0,1,1,1,-1,-1,-1,0,1,-1,0,1,1,1,-1,-1,-1,0,1,-1,0,1,1,1,1,1,-1,-1,-1,-1,-1,0,1,1,1,-1,-1,-1,0,1,-1,0,1,1,1,1,1,-1,-1,-1,-1,-1,0,1,1,1,-1,-1,-1,0,1,-1,0,1,1,1,1,1,1,1,-1,-1,-1,-1,-1,-1,-1,0,1,1,1,1,0,0,0,0,0,0,1,0,0,0,0,0,0,1,0,0,1,0,0,0,0,0,0,0,0,0,0,0,0,0,0,1,0,0,0,0,0,0,0,0,0,0,1,0,0,0,0,0,0,W
75,0,1,-1,0,1,-1,0,1,1,1,-1,-1,-1,0,1,-1,0,1,1,1,-1,-1,-1,0,1,-1,0,1,1,1,1,1,-1,-1,-1,-1,-1,0,1,1,1,-1,-1,-1,0,1,-1,0,1,1,1,1,1,-1,-1,-1,-1,-1,0,1,1,1,-1,-1,-1,0,1,-1,0,1,1,1,1,1,1,1,-1,-1,-1,-1,-1,-1,-1,0,1,1,1,1,1,0,0,0,0,0,1,0,0,0,0,0,0,1,0,0,1,0,0,0,0,0,0,0,0,0,0,0,0,0,0,1,0,0,0,0,0,0,0,0,0,0,1,0,0,0,0,0,0,Re
76,0,1,-1,0,1,-1,0,1,1,1,-1,-1,-1,0,1,-1,0,1,1,1,-1,-1,-1,0,1,-1,0,1,1,1,1,1,-1,-1,-1,-1,-1,0,1,1,1,-1,-1,-1,0,1,-1,0,1,1,1,1,1,-1,-1,-1,-1,-1,0,1,1,1,-1,-1,-1,0,1,-1,0,1,1,1,1,1,1,1,-1,-1,-1,-1,-1,-1,-1,0,1,1,1,1,1,-1,0,0,0,0,1,0,0,0,0,0,0,1,0,0,1,0,0,0,0,0,0,0,0,0,0,0,0,0,0,1,0,0,0,0,0,0,0,0,0,0,1,0,0,0,0,0,0,Os
77,0,1,-1,0,1,-1,0,1,1,1,-1,-1,-1,0,1,-1,0,1,1,1,-1,-1,-1,0,1,-1,0,1,1,1,1,1,-1,-1,-1,-1,-1,0,1,1,1,-1,-1,-1,0,1,-1,0,1,1,1,1,1,-1,-1,-1,-1,-1,0,1,1,1,-1,-1,-1,0,1,-1,0,1,1,1,1,1,1,1,-1,-1,-1,-1,-1,-1,-1,0,1,1,1,1,1,-1,-1,0,0,0,1,0,0,0,0,0,0,1,0,0,1,0,0,0,0,0,0,0,0,0,0,0,0,0,0,1,0,0,0,0,0,0,0,0,0,0,1,0,0,0,0,0,0,Ir
78,0,1,-1,0,1,-1,0,1,1,1,-1,-1,-1,0,1,-1,0,1,1,1,-1,-1,-1,0,1,-1,0,1,1,1,1,1,-1,-1,-1,-1,-1,0,1,1,1,-1,-1,-1,0,1,-1,0,1,1,1,1,1,-1,-1,-1,-1,-1,0,1,1,1,-1,-1,-1,0,1,0,0,1,1,1,1,1,1,1,-1,-1,-1,-1,-1,-1,-1,0,1,1,1,1,1,-1,-1,-1,-1,0,1,0,0,0,0,0,0,1,0,0,1,0,0,0,0,0,0,0,0,0,0,0,0,0,0,1,0,0,0,0,0,0,0,0,0,0,1,0,0,0,0,0,0,Pt
79,0,1,-1,0,1,-1,0,1,1,1,-1,-1,-1,0,1,-1,0,1,1,1,-1,-1,-1,0,1,-1,0,1,1,1,1,1,-1,-1,-1,-1,-1,0,1,1,1,-1,-1,-1,0,1,-1,0,1,1,1,1,1,-1,-1,-1,-1,-1,0,1,1,1,-1,-1,-1,0,1,0,0,1,1,1,1,1,1,1,-1,-1,-1,-1,-1,-1,-1,0,1,1,1,1,1,-1,-1,-1,-1,-1,1,0,0,0,0,0,0,1,0,0,1,0,0,0,0,0,0,0,0,0,0,0,0,0,0,1,0,0,0,0,0,0,0,0,0,0,1,0,0,0,0,0,0,Au
80,0,1,-1,0,1,-1,0,1,1,1,-1,-1,-1,0,1,-1,0,1,1,1,-1,-1,-1,0,1,-1,0,1,1,1,1,1,-1,-1,-1,-1,-1,0,1,1,1,-1,-1,-1,0,1,-1,0,1,1,1,1,1,-1,-1,-1,-1,-1,0,1,1,1,-1,-1,-1,0,1,-1,0,1,1,1,1,1,1,1,-1,-1,-1,-1,-1,-1,-1,0,1,1,1,1,1,-1,-1,-1,-1,-1,1,0,0,0,0,0,0,1,0,0,1,0,0,0,0,0,0,0,0,0,0,0,0,0,0,1,0,0,0,0,0,0,0,0,0,0,1,0,0,0,0,0,0,Hg
81,0,1,-1,0,1,-1,0,1,1,1,-1,-1,-1,0,1,-1,0,1,1,1,-1,-1,-1,0,1,-1,0,1,1,1,1,1,-1,-1,-1,-1,-1,0,1,1,1,-1,-1,-1,0,1,-1,0,1,1,1,1,1,-1,-1,-1,-1,-1,0,1,1,1,-1,-1,-1,0,1,-1,0,1,1,1,1,1,1,1,-1,-1,-1,-1,-1,-1,-1,0,1,1,1,1,1,-1,-1,-1,-1,-1,0,1,0,0,0,0,0,1,0,0,1,0,0,0,0,0,0,0,0,0,0,0,0,0,0,1,0,0,0,0,0,0,0,0,0,0,1,0,0,0,0,0,0,Tl
82,0,1,-1,0,1,-1,0,1,1,1,-1,-1,-1,0,1,-1,0,1,1,1,-1,-1,-1,0,1,-1,0,1,1,1,1,1,-1,-1,-1,-1,-1,0,1,1,1,-1,-1,-1,0,1,-1,0,1,1,1,1,1,-1,-1,-1,-1,-1,0,1,1,1,-1,-1,-1,0,1,-1,0,1,1,1,1,1,1,1,-1,-1,-1,-1,-1,-1,-1,0,1,1,1,1,1,-1,-1,-1,-1,-1,0,1,1,0,0,0,0,1,0,0,1,0,0,0,0,0,0,0,0,0,0,0,0,0,0,1,0,0,0,0,0,0,0,0,0,0,1,0,0,0,0,0,0,Pb
83,0,1,-1,0,1,-1,0,1,1,1,-1,-1,-1,0,1,-1,0,1,1,1,-1,-1,-1,0,1,-1,0,1,1,1,1,1,-1,-1,-1,-1,-1,0,1,1,1,-1,-1,-1,0,1,-1,0,1,1,1,1,1,-1,-1,-1,-1,-1,0,1,1,1,-1,-1,-1,0,1,-1,0,1,1,1,1,1,1,1,-1,-1,-1,-1,-1,-1,-1,0,1,1,1,1,1,-1,-1,-1,-1,-1,0,1,1,1,0,0,0,1,0,0,1,0,0,0,0,0,0,0,0,0,0,0,0,0,0,1,0,0,0,0,0,0,0,0,0,0,1,0,0,0,0,0,0,Bi
84,0,1,-1,0,1,-1,0,1,1,1,-1,-1,-1,0,1,-1,0,1,1,1,-1,-1,-1,0,1,-1,0,1,1,1,1,1,-1,-1,-1,-1,-1,0,1,1,1,-1,-1,-1,0,1,-1,0,1,1,1,1,1,-1,-1,-1,-1,-1,0,1,1,1,-1,-1,-1,0,1,-1,0,1,1,1,1,1,1,1,-1,-1,-1,-1,-1,-1,-1,0,1,1,1,1,1,-1,-1,-1,-1,-1,0,1,1,1,-1,0,0,1,0,0,1,0,0,0,0,0,0,0,0,0,0,0,0,0,0,1,0,0,0,0,0,0,0,0,0,0,1,0,0,0,0,0,0,Po
85,0,1,-1,0,1,-1,0,1,1,1,-1,-1,-1,0,1,-1,0,1,1,1,-1,-1,-1,0,1,-1,0,1,1,1,1,1,-1,-1,-1,-1,-1,0,1,1,1,-1,-1,-1,0,1,-1,0,1,1,1,1,1,-1,-1,-1,-1,-1,0,1,1,1,-1,-1,-1,0,1,-1,0,1,1,1,1,1,1,1,-1,-1,-1,-1,-1,-1,-1,0,1,1,1,1,1,-1,-1,-1,-1,-1,0,1,1,1,-1,-1,0,1,0,0,1,0,0,0,0,0,0,0,0,0,0,0,0,0,0,1,0,0,0,0,0,0,0,0,0,0,1,0,0,0,0,0,0,At
86,0,1,-1,0,1,-1,0,1,1,1,-1,-1,-1,0,1,-1,0,1,1,1,-1,-1,-1,0,1,-1,0,1,1,1,1,1,-1,-1,-1,-1,-1,0,1,1,1,-1,-1,-1,0,1,-1,0,1,1,1,1,1,-1,-1,-1,-1,-1,0,1,1,1,-1,-1,-1,0,1,-1,0,1,1,1,1,1,1,1,-1,-1,-1,-1,-1,-1,-1,0,1,1,1,1,1,-1,-1,-1,-1,-1,0,1,1,1,-1,-1,-1,1,0,0,1,0,0,0,0,0,0,0,0,0,0,0,0,0,0,1,0,0,0,0,0,0,0,0,0,0,1,0,0,0,0,0,0,Rn
87,0,1,-1,0,1,-1,0,1,1,1,-1,-1,-1,0,1,-1,0,1,1,1,-1,-1,-1,0,1,-1,0,1,1,1,1,1,-1,-1,-1,-1,-1,0,1,1,1,-1,-1,-1,0,1,-1,0,1,1,1,1,1,-1,-1,-1,-1,-1,0,1,1,1,-1,-1,-1,0,1,-1,0,1,1,1,1,1,1,1,-1,-1,-1,-1,-1,-1,-1,0,1,1,1,1,1,-1,-1,-1,-1,-1,0,1,1,1,-1,-1,-1,0,1,0,1,0,0,0,0,0,0,0,0,0,0,0,0,0,0,1,0,0,0,0,0,0,0,0,0,0,1,0,0,0,0,0,0,Fr
88,0,1,-1,0,1,-1,0,1,1,1,-1,-1,-1,0,1,-1,0,1,1,1,-1,-1,-1,0,1,-1,0,1,1,1,1,1,-1,-1,-1,-1,-1,0,1,1,1,-1,-1,-1,0,1,-1,0,1,1,1,1,1,-1,-1,-1,-1,-1,0,1,1,1,-1,-1,-1,0,1,-1,0,1,1,1,1,1,1,1,-1,-1,-1,-1,-1,-1,-1,0,1,1,1,1,1,-1,-1,-1,-1,-1,0,1,1,1,-1,-1,-1,0,1,-1,1,0,0,0,0,0,0,0,0,0,0,0,0,0,0,1,0,0,0,0,0,0,0,0,0,0,1,0,0,0,0,0,0,Ra
89,0,1,-1,0,1,-1,0,1,1,1,-1,-1,-1,0,1,-1,0,1,1,1,-1,-1,-1,0,1,-1,0,1,1,1,1,1,-1,-1,-1,-1,-1,0,1,1,1,-1,-1,-1,0,1,-1,0,1,1,1,1,1,-1,-1,-1,-1,-1,0,1,1,1,-1,-1,-1,0,1,-1,0,1,1,1,1,1,1,1,-1,-1,-1,-1,-1,-1,-1,0,1,1,1,1,1,-1,-1,-1,-1,-1,0,1,1,1,-1,-1,-1,0,1,-1,1,0,0,0,0,0,0,0,0,0,0,0,0,0,0,0,1,0,0,0,0,0,0,0,0,0,1,0,0,0,0,0,0,Ac
90,0,1,-1,0,1,-1,0,1,1,1,-1,-1,-1,0,1,-1,0,1,1,1,-1,-1,-1,0,1,-1,0,1,1,1,1,1,-1,-1,-1,-1,-1,0,1,1,1,-1,-1,-1,0,1,-1,0,1,1,1,1,1,-1,-1,-1,-1,-1,0,1,1,1,-1,-1,-1,0,1,-1,0,1,1,1,1,1,1,1,-1,-1,-1,-1,-1,-1,-1,0,1,1,1,1,1,-1,-1,-1,-1,-1,0,1,1,1,-1,-1,-1,0,1,-1,1,0,0,0,0,0,0,0,0,0,0,0,0,0,0,0,1,1,0,0,0,0,0,0,0,0,1,0,0,0,0,0,0,Th
91,0,1,-1,0,1,-1,0,1,1,1,-1,-1,-1,0,1,-1,0,1,1,1,-1,-1,-1,0,1,-1,0,1,1,1,1,1,-1,-1,-1,-1,-1,0,1,1,1,-1,-1,-1,0,1,-1,0,1,1,1,1,1,-1,-1,-1,-1,-1,0,1,1,1,-1,-1,-1,0,1,-1,0,1,1,1,1,1,1,1,-1,-1,-1,-1,-1,-1,-1,0,1,1,1,1,1,-1,-1,-1,-1,-1,0,1,1,1,-1,-1,-1,0,1,-1,0,1,1,0,0,0,0,0,0,0,0,0,0,0,0,0,1,0,0,0,0,0,0,0,0,0,1,0,0,0,0,0,0,Pa
92,0,1,-1,0,1,-1,0,1,1,1,-1,-1,-1,0,1,-1,0,1,1,1,-1,-1,-1,0,1,-1,0,1,1,1,1,1,-1,-1,-1,-1,-1,0,1,1,1,-1,-1,-1,0,1,-1,0,1,1,1,1,1,-1,-1,-1,-1,-1,0,1,1,1,-1,-1,-1,0,1,-1,0,1,1,1,1,1,1,1,-1,-1,-1,-1,-1,-1,-1,0,1,1,1,1,1,-1,-1,-1,-1,-1,0,1,1,1,-1,-1,-1,0,1,-1,0,1,1,1,0,0,0,0,0,0,0,0,0,0,0,0,1,0,0,0,0,0,0,0,0,0,1,0,0,0,0,0,0,U
93,0,1,-1,0,1,-1,0,1,1,1,-1,-1,-1,0,1,-1,0,1,1,1,-1,-1,-1,0,1,-1,0,1,1,1,1,1,-1,-1,-1,-1,-1,0,1,1,1,-1,-1,-1,0,1,-1,0,1,1,1,1,1,-1,-1,-1,-1,-1,0,1,1,1,-1,-1,-1,0,1,-1,0,1,1,1,1,1,1,1,-1,-1,-1,-1,-1,-1,-1,0,1,1,1,1,1,-1,-1,-1,-1,-1,0,1,1,1,-1,-1,-1,0,1,-1,0,1,1,1,1,0,0,0,0,0,0,0,0,0,0,0,1,0,0,0,0,0,0,0,0,0,1,0,0,0,0,0,0,Np
94,0,1,-1,0,1,-1,0,1,1,1,-1,-1,-1,0,1,-1,0,1,1,1,-1,-1,-1,0,1,-1,0,1,1,1,1,1,-1,-1,-1,-1,-1,0,1,1,1,-1,-1,-1,0,1,-1,0,1,1,1,1,1,-1,-1,-1,-1,-1,0,1,1,1,-1,-1,-1,0,1,-1,0,1,1,1,1,1,1,1,-1,-1,-1,-1,-1,-1,-1,0,1,1,1,1,1,-1,-1,-1,-1,-1,0,1,1,1,-1,-1,-1,0,1,-1,0,1,1,1,1,1,1,0,0,0,0,0,0,0,0,1,0,0,0,0,0,0,0,0,0,0,1,0,0,0,0,0,0,Pu
95,0,1,-1,0,1,-1,0,1,1,1,-1,-1,-1,0,1,-1,0,1,1,1,-1,-1,-1,0,1,-1,0,1,1,1,1,1,-1,-1,-1,-1,-1,0,1,1,1,-1,-1,-1,0,1,-1,0,1,1,1,1,1,-1,-1,-1,-1,-1,0,1,1,1,-1,-1,-1,0,1,-1,0,1,1,1,1,1,1,1,-1,-1,-1,-1,-1,-1,-1,0,1,1,1,1,1,-1,-1,-1,-1,-1,0,1,1,1,-1,-1,-1,0,1,-1,0,1,1,1,1,1,1,1,0,0,0,0,0,0,0,1,0,0,0,0,0,0,0,0,0,0,1,0,0,0,0,0,0,Am
96,0,1,-1,0,1,-1,0,1,1,1,-1,-1,-1,0,1,-1,0,1,1,1,-1,-1,-1,0,1,-1,0,1,1,1,1,1,-1,-1,-1,-1,-1,0,1,1,1,-1,-1,-1,0,1,-1,0,1,1,1,1,1,-1,-1,-1,-1,-1,0,1,1,1,-1,-1,-1,0,1,-1,0,1,1,1,1,1,1,1,-1,-1,-1,-1,-1,-1,-1,0,1,1,1,1,1,-1,-1,-1,-1,-1,0,1,1,1,-1,-1,-1,0,1,-1,0,1,1,1,1,1,1,1,0,0,0,0,0,0,0,0,1,0,0,0,0,0,0,0,0,0,1,0,0,0,0,0,0,Cm
97,0,1,-1,0,1,-1,0,1,1,1,-1,-1,-1,0,1,-1,0,1,1,1,-1,-1,-1,0,1,-1,0,1,1,1,1,1,-1,-1,-1,-1,-1,0,1,1,1,-1,-1,-1,0,1,-1,0,1,1,1,1,1,-1,-1,-1,-1,-1,0,1,1,1,-1,-1,-1,0,1,-1,0,1,1,1,1,1,1,1,-1,-1,-1,-1,-1,-1,-1,0,1,1,1,1,1,-1,-1,-1,-1,-1,0,1,1,1,-1,-1,-1,0,1,-1,0,1,1,1,1,1,1,1,-1,-1,0,0,0,0,0,1,0,0,0,0,0,0,0,0,0,0,1,0,0,0,0,0,1,Bk
98,0,1,-1,0,1,-1,0,1,1,1,-1,-1,-1,0,1,-1,0,1,1,1,-1,-1,-1,0,1,-1,0,1,1,1,1,1,-1,-1,-1,-1,-1,0,1,1,1,-1,-1,-1,0,1,-1,0,1,1,1,1,1,-1,-1,-1,-1,-1,0,1,1,1,-1,-1,-1,0,1,-1,0,1,1,1,1,1,1,1,-1,-1,-1,-1,-1,-1,-1,0,1,1,1,1,1,-1,-1,-1,-1,-1,0,1,1,1,-1,-1,-1,0,1,-1,0,1,1,1,1,1,1,1,-1,-1,-1,0,0,0,0,1,0,0,0,0,0,0,0,0,0,0,1,0,0,0,0,0,0,Cf
99,0,1,-1,0,1,-1,0,1,1,1,-1,-1,-1,0,1,-1,0,1,1,1,-1,-1,-1,0,1,-1,0,1,1,1,1,1,-1,-1,-1,-1,-1,0,1,1,1,-1,-1,-1,0,1,-1,0,1,1,1,1,1,-1,-1,-1,-1,-1,0,1,1,1,-1,-1,-1,0,1,-1,0,1,1,1,1,1,1,1,-1,-1,-1,-1,-1,-1,-1,0,1,1,1,1,1,-1,-1,-1,-1,-1,0,1,1,1,-1,-1,-1,0,1,-1,0,1,1,1,1,1,1,1,-1,-1,-1,-1,0,0,0,1,0,0,0,0,0,0,0,0,0,0,1,0,0,0,0,0,0,Es
100,0,1,-1,0,1,-1,0,1,1,1,-1,-1,-1,0,1,-1,0,1,1,1,-1,-1,-1,0,1,-1,0,1,1,1,1,1,-1,-1,-1,-1,-1,0,1,1,1,-1,-1,-1,0,1,-1,0,1,1,1,1,1,-1,-1,-1,-1,-1,0,1,1,1,-1,-1,-1,0,1,-1,0,1,1,1,1,1,1,1,-1,-1,-1,-1,-1,-1,-1,0,1,1,1,1,1,-1,-1,-1,-1,-1,0,1,1,1,-1,-1,-1,0,1,-1,0,1,1,1,1,1,1,1,-1,-1,-1,-1,-1,0,0,1,0,0,0,0,0,0,0,0,0,0,1,0,0,0,0,0,0,Fm
101,0,1,-1,0,1,-1,0,1,1,1,-1,-1,-1,0,1,-1,0,1,1,1,-1,-1,-1,0,1,-1,0,1,1,1,1,1,-1,-1,-1,-1,-1,0,1,1,1,-1,-1,-1,0,1,-1,0,1,1,1,1,1,-1,-1,-1,-1,-1,0,1,1,1,-1,-1,-1,0,1,-1,0,1,1,1,1,1,1,1,-1,-1,-1,-1,-1,-1,-1,0,1,1,1,1,1,-1,-1,-1,-1,-1,0,1,1,1,-1,-1,-1,0,1,-1,0,1,1,1,1,1,1,1,-1,-1,-1,-1,-1,-1,0,1,0,0,0,0,0,0,0,0,0,0,1,0,0,0,0,0,0,Md
102,0,1,-1,0,1,-1,0,1,1,1,-1,-1,-1,0,1,-1,0,1,1,1,-1,-1,-1,0,1,-1,0,1,1,1,1,1,-1,-1,-1,-1,-1,0,1,1,1,-1,-1,-1,0,1,-1,0,1,1,1,1,1,-1,-1,-1,-1,-1,0,1,1,1,-1,-1,-1,0,1,-1,0,1,1,1,1,1,1,1,-1,-1,-1,-1,-1,-1,-1,0,1,1,1,1,1,-1,-1,-1,-1,-1,0,1,1,1,-1,-1,-1,0,1,-1,0,1,1,1,1,1,1,1,-1,-1,-1,-1,-1,-1,-1,1,0,0,0,0,0,0,0,0,0,0,1,0,0,0,0,0,0,No
103,0,1,-1,0,1,-1,0,1,1,1,-1,-1,-1,0,1,-1,0,1,1,1,-1,-1,-1,0,1,-1,0,1,1,1,1,1,-1,-1,-1,-1,-1,0,1,1,1,-1,-1,-1,0,1,-1,0,1,1,1,1,1,-1,-1,-1,-1,-1,0,1,1,1,-1,-1,-1,0,1,-1,0,1,1,1,1,1,1,1,-1,-1,-1,-1,-1,-1,-1,0,1,1,1,1,1,-1,-1,-1,-1,-1,0,1,1,1,-1,-1,-1,0,1,-1,0,1,1,1,1,1,1,1,-1,-1,-1,-1,-1,-1,-1,1,0,0,0,0,0,0,0,0,0,0,1,0,0,0,0,0,0,Lr
104,0,1,-1,0,1,-1,0,1,1,1,-1,-1,-1,0,1,-1,0,1,1,1,-1,-1,-1,0,1,-1,0,1,1,1,1,1,-1,-1,-1,-1,-1,0,1,1,1,-1,-1,-1,0,1,-1,0,1,1,1,1,1,-1,-1,-1,-1,-1,0,1,1,1,-1,-1,-1,0,1,-1,0,1,1,1,1,1,1,1,-1,-1,-1,-1,-1,-1,-1,0,1,1,1,1,1,-1,-1,-1,-1,-1,0,1,1,1,-1,-1,-1,0,1,-1,0,1,1,1,1,1,1,1,-1,-1,-1,-1,-1,-1,-1,0,1,1,0,0,0,0,0,0,0,0,1,0,0,0,0,0,0,Rf
105,0,1,-1,0,1,-1,0,1,1,1,-1,-1,-1,0,1,-1,0,1,1,1,-1,-1,-1,0,1,-1,0,1,1,1,1,1,-1,-1,-1,-1,-1,0,1,1,1,-1,-1,-1,0,1,-1,0,1,1,1,1,1,-1,-1,-1,-1,-1,0,1,1,1,-1,-1,-1,0,1,-1,0,1,1,1,1,1,1,1,-1,-1,-1,-1,-1,-1,-1,0,1,1,1,1,1,-1,-1,-1,-1,-1,0,1,1,1,-1,-1,-1,0,1,-1,0,1,1,1,1,1,1,1,-1,-1,-1,-1,-1,-1,-1,0,1,1,1,0,0,0,0,0,0,0,1,0,0,0,0,0,0,Db
106,0,1,-1,0,1,-1,0,1,1,1,-1,-1,-1,0,1,-1,0,1,1,1,-1,-1,-1,0,1,-1,0,1,1,1,1,1,-1,-1,-1,-1,-1,0,1,1,1,-1,-1,-1,0,1,-1,0,1,1,1,1,1,-1,-1,-1,-1,-1,0,1,1,1,-1,-1,-1,0,1,-1,0,1,1,1,1,1,1,1,-1,-1,-1,-1,-1,-1,-1,0,1,1,1,1,1,-1,-1,-1,-1,-1,0,1,1,1,-1,-1,-1,0,1,-1,0,1,1,1,1,1,1,1,-1,-1,-1,-1,-1,-1,-1,0,1,1,1,1,0,0,0,0,0,0,1,0,0,0,0,0,0,Sg
107,0,1,-1,0,1,-1,0,1,1,1,-1,-1,-1,0,1,-1,0,1,1,1,-1,-1,-1,0,1,-1,0,1,1,1,1,1,-1,-1,-1,-1,-1,0,1,1,1,-1,-1,-1,0,1,-1,0,1,1,1,1,1,-1,-1,-1,-1,-1,0,1,1,1,-1,-1,-1,0,1,-1,0,1,1,1,1,1,1,1,-1,-1,-1,-1,-1,-1,-1,0,1,1,1,1,1,-1,-1,-1,-1,-1,0,1,1,1,-1,-1,-1,0,1,-1,0,1,1,1,1,1,1,1,-1,-1,-1,-1,-1,-1,-1,0,1,1,1,1,1,0,0,0,0,0,1,0,0,0,0,0,0,Bh
108,0,1,-1,0,1,-1,0,1,1,1,-1,-1,-1,0,1,-1,0,1,1,1,-1,-1,-1,0,1,-1,0,1,1,1,1,1,-1,-1,-1,-1,-1,0,1,1,1,-1,-1,-1,0,1,-1,0,1,1,1,1,1,-1,-1,-1,-1,-1,0,1,1,1,-1,-1,-1,0,1,-1,0,1,1,1,1,1,1,1,-1,-1,-1,-1,-1,-1,-1,0,1,1,1,1,1,-1,-1,-1,-1,-1,0,1,1,1,-1,-1,-1,0,1,-1,0,1,1,1,1,1,1,1,-1,-1,-1,-1,-1,-1,-1,0,1,1,1,1,1,-1,0,0,0,0,1,0,0,0,0,0,0,Hs
109,0,1,-1,0,1,-1,0,1,1,1,-1,-1,-1,0,1,-1,0,1,1,1,-1,-1,-1,0,1,-1,0,1,1,1,1,1,-1,-1,-1,-1,-1,0,1,1,1,-1,-1,-1,0,1,-1,0,1,1,1,1,1,-1,-1,-1,-1,-1,0,1,1,1,-1,-1,-1,0,1,-1,0,1,1,1,1,1,1,1,-1,-1,-1,-1,-1,-1,-1,0,1,1,1,1,1,-1,-1,-1,-1,-1,0,1,1,1,-1,-1,-1,0,1,-1,0,1,1,1,1,1,1,1,-1,-1,-1,-1,-1,-1,-1,0,1,1,1,1,1,-1,-1,0,0,0,1,0,0,0,0,0,0,Mt
110,0,1,-1,0,1,-1,0,1,1,1,-1,-1,-1,0,1,-1,0,1,1,1,-1,-1,-1,0,1,-1,0,1,1,1,1,1,-1,-1,-1,-1,-1,0,1,1,1,-1,-1,-1,0,1,-1,0,1,1,1,1,1,-1,-1,-1,-1,-1,0,1,1,1,-1,-1,-1,0,1,-1,0,1,1,1,1,1,1,1,-1,-1,-1,-1,-1,-1,-1,0,1,1,1,1,1,-1,-1,-1,-1,-1,0,1,1,1,-1,-1,-1,0,1,0,0,1,1,1,1,1,1,1,-1,-1,-1,-1,-1,-1,-1,0,1,1,1,1,1,-1,-1,-1,-1,0,1,0,0,0,0,0,0,Ds
111,0,1,-1,0,1,-1,0,1,1,1,-1,-1,-1,0,1,-1,0,1,1,1,-1,-1,-1,0,1,-1,0,1,1,1,1,1,-1,-1,-1,-1,-1,0,1,1,1,-1,-1,-1,0,1,-1,0,1,1,1,1,1,-1,-1,-1,-1,-1,0,1,1,1,-1,-1,-1,0,1,-1,0,1,1,1,1,1,1,1,-1,-1,-1,-1,-1,-1,-1,0,1,1,1,1,1,-1,-1,-1,-1,-1,0,1,1,1,-1,-1,-1,0,1,-1,0,1,1,1,1,1,1,1,-1,-1,-1,-1,-1,-1,-1,0,1,1,1,1,1,-1,-1,-1,-1,0,1,0,0,0,0,0,0,Rg
112,0,1,-1,0,1,-1,0,1,1,1,-1,-1,-1,0,1,-1,0,1,1,1,-1,-1,-1,0,1,-1,0,1,1,1,1,1,-1,-1,-1,-1,-1,0,1,1,1,-1,-1,-1,0,1,-1,0,1,1,1,1,1,-1,-1,-1,-1,-1,0,1,1,1,-1,-1,-1,0,1,-1,0,1,1,1,1,1,1,1,-1,-1,-1,-1,-1,-1,-1,0,1,1,1,1,1,-1,-1,-1,-1,-1,0,1,1,1,-1,-1,-1,0,1,-1,0,1,1,1,1,1,1,1,-1,-1,-1,-1,-1,-1,-1,0,1,1,1,1,1,-1,-1,-1,-1,-1,1,0,0,0,0,0,0,Cn
113,0,1,-1,0,1,-1,0,1,1,1,-1,-1,-1,0,1,-1,0,1,1,1,-1,-1,-1,0,1,-1,0,1,1,1,1,1,-1,-1,-1,-1,-1,0,1,1,1,-1,-1,-1,0,1,-1,0,1,1,1,1,1,-1,-1,-1,-1,-1,0,1,1,1,-1,-1,-1,0,1,-1,0,1,1,1,1,1,1,1,-1,-1,-1,-1,-1,-1,-1,0,1,1,1,1,1,-1,-1,-1,-1,-1,0,1,1,1,-1,-1,-1,0,1,-1,0,1,1,1,1,1,1,1,-1,-1,-1,-1,-1,-1,-1,0,1,1,1,1,1,-1,-1,-1,-1,-1,0,1,0,0,0,0,0,Nh
114,0,1,-1,0,1,-1,0,1,1,1,-1,-1,-1,0,1,-1,0,1,1,1,-1,-1,-1,0,1,-1,0,1,1,1,1,1,-1,-1,-1,-1,-1,0,1,1,1,-1,-1,-1,0,1,-1,0,1,1,1,1,1,-1,-1,-1,-1,-1,0,1,1,1,-1,-1,-1,0,1,-1,0,1,1,1,1,1,1,1,-1,-1,-1,-1,-1,-1,-1,0,1,1,1,1,1,-1,-1,-1,-1,-1,0,1,1,1,-1,-1,-1,0,1,-1,0,1,1,1,1,1,1,1,-1,-1,-1,-1,-1,-1,-1,0,1,1,1,1,1,-1,-1,-1,-1,-1,0,1,1,0,0,0,0,Fl
115,0,1,-1,0,1,-1,0,1,1,1,-1,-1,-1,0,1,-1,0,1,1,1,-1,-1,-1,0,1,-1,0,1,1,1,1,1,-1,-1,-1,-1,-1,0,1,1,1,-1,-1,-1,0,1,-1,0,1,1,1,1,1,-1,-1,-1,-1,-1,0,1,1,1,-1,-1,-1,0,1,-1,0,1,1,1,1,1,1,1,-1,-1,-1,-1,-1,-1,-1,0,1,1,1,1,1,-1,-1,-1,-1,-1,0,1,1,1,-1,-1,-1,0,1,-1,0,1,1,1,1,1,1,1,-1,-1,-1,-1,-1,-1,-1,0,1,1,1,1,1,-1,-1,-1,-1,-1,0,1,1,1,0,0,0,Mc
116,0,1,-1,0,1,-1,0,1,1,1,-1,-1,-1,0,1,-1,0,1,1,1,-1,-1,-1,0,1,-1,0,1,1,1,1,1,-1,-1,-1,-1,-1,0,1,1,1,-1,-1,-1,0,1,-1,0,1,1,1,1,1,-1,-1,-1,-1,-1,0,1,1,1,-1,-1,-1,0,1,-1,0,1,1,1,1,1,1,1,-1,-1,-1,-1,-1,-1,-1,0,1,1,1,1,1,-1,-1,-1,-1,-1,0,1,1,1,-1,-1,-1,0,1,-1,0,1,1,1,1,1,1,1,-1,-1,-1,-1,-1,-1,-1,0,1,1,1,1,1,-1,-1,-1,-1,-1,0,1,1,1,-1,0,0,Lv
117,0,1,-1,0,1,-1,0,1,1,1,-1,-1,-1,0,1,-1,0,1,1,1,-1,-1,-1,0,1,-1,0,1,1,1,1,1,-1,-1,-1,-1,-1,0,1,1,1,-1,-1,-1,0,1,-1,0,1,1,1,1,1,-1,-1,-1,-1,-1,0,1,1,1,-1,-1,-1,0,1,-1,0,1,1,1,1,1,1,1,-1,-1,-1,-1,-1,-1,-1,0,1,1,1,1,1,-1,-1,-1,-1,-1,0,1,1,1,-1,-1,-1,0,1,-1,0,1,1,1,1,1,1,1,-1,-1,-1,-1,-1,-1,-1,0,1,1,1,1,1,-1,-1,-1,-1,-1,0,1,1,1,-1,-1,0,Ts
118,0,1,-1,0,1,-1,0,1,1,1,-1,-1,-1,0,1,-1,0,1,1,1,-1,-1,-1,0,1,-1,0,1,1,1,1,1,-1,-1,-1,-1,-1,0,1,1,1,-1,-1,-1,0,1,-1,0,1,1,1,1,1,-1,-1,-1,-1,-1,0,1,1,1,-1,-1,-1,0,1,-1,0,1,1,1,1,1,1,1,-1,-1,-1,-1,-1,-1,-1,0,1,1,1,1,1,-1,-1,-1,-1,-1,0,1,1,1,-1,-1,-1,0,1,-1,0,1,1,1,1,1,1,1,-1,-1,-1,-1,-1,-1,-1,0,1,1,1,1,1,-1,-1,-1,-1,-1,0,1,1,1,-1,-1,-1,Og
